<?xml version="1.0" encoding="UTF-8"?>
<OpenSearchDescription xmlns="http://a9.com/-/spec/opensearch/1.1/">
	<ShortName>Bing</ShortName>
	<Description>Bing</Description>
	<InputEncoding>UTF-8</InputEncoding>
	<Image width="16" height="16" type="image/x-icon">http://www.bing.com/favicon.ico</Image>
	<Url type="text/html" template="http://www.bing.com/search?q={searchTerms}&amp;filt=lf"/>
	<Url type="application/x-suggestions+json" template="http://api.bing.com/qsml.aspx?query={searchTerms}&amp;market=ja-jp"/>
</OpenSearchDescription>
