<?xml version="1.0" encoding="UTF-8"?>
<OpenSearchDescription xmlns="http://a9.com/-/spec/opensearch/1.1/">
 <ShortName>Wikipedia</ShortName>
 <Description>フリー百科事典</Description>
 <Url type="text/html" method="get" template="https://ja.wikipedia.org/w/index.php?title=%E7%89%B9%E5%88%A5:%E6%A4%9C%E7%B4%A2&amp;search={searchTerms}" />
 <Url type="application/x-suggestions+json" method="get" template="https://ja.wikipedia.org/w/api.php?action=opensearch&amp;search={searchTerms}&amp;namespace=0" />
 <Url type="application/x-suggestions+xml" method="get" template="https://ja.wikipedia.org/w/api.php?action=opensearch&amp;format=xml&amp;search={searchTerms}&amp;namespace=0" />
 <Image>http://ja.wikipedia.org/favicon.ico</Image>
</OpenSearchDescription>
